<application>
  <component name="FileTypeManager" version="18">
    <extensionMap>
      <mapping pattern="content-tracklist" type="JavaScript" />
      <mapping pattern="Declarations" type="Kotlin" />
      <mapping ext="gradle.kts" type="Kotlin" />
      <mapping ext="main.kts" type="Kotlin" />
      <mapping pattern="config_0" type="PLAIN_TEXT" />
      <mapping pattern="lint" type="PLAIN_TEXT" />
      <mapping pattern="downloadedFile" type="PLAIN_TEXT" />
      <mapping pattern="LICENSE" type="PLAIN_TEXT" />
      <mapping pattern=".dockeringore" type="PLAIN_TEXT" />
      <mapping pattern="copy" type="PLAIN_TEXT" />
      <mapping pattern="dom-utils.js" type="PLAIN_TEXT" />
      <mapping pattern=".env" type="PLAIN_TEXT" />
      <mapping pattern="pack" type="PLAIN_TEXT" />
      <mapping pattern="asdf" type="PLAIN_TEXT" />
      <mapping ext="service" type="PLAIN_TEXT" />
      <mapping ext="local" type="PLAIN_TEXT" />
      <removed_mapping ext="apk" approved="true" type="ARCHIVE" />
      <removed_mapping ext="bat" approved="true" type="Batch" />
      <removed_mapping ext="cmd" approved="true" type="Batch" />
      <removed_mapping ext="csv" approved="true" type="CSV" />
      <removed_mapping ext="desktop" approved="true" type="PLAIN_TEXT" />
      <removed_mapping ext="dockerfile" approved="true" type="textmate" />
      <removed_mapping ext="ignore" approved="true" type="IgnoreLang file" />
      <removed_mapping ext="log" approved="true" type="PLAIN_TEXT" />
      <removed_mapping ext="makefile" approved="true" type="textmate" />
      <removed_mapping ext="psd" approved="true" type="Image" />
      <removed_mapping ext="snakefile" approved="true" type="textmate" />
      <removed_mapping ext="tsv" approved="true" type="TSV" />
      <removed_mapping pattern=".gitattributes" approved="true" type="PLAIN_TEXT" />
      <removed_mapping pattern=".gitconfig" approved="true" type="PLAIN_TEXT" />
    </extensionMap>
  </component>
</application>