<application>
  <component name="ProjectJdkTable">
    <jdk version="2">
      <name value="Haskell Tool Stack" />
      <type value="Haskell Tool Stack SDK" />
      <version value="2.1.3&#10;" />
      <homePath value="/usr/local/bin/stack" />
      <roots>
        <annotationsPath>
          <root type="composite" />
        </annotationsPath>
        <classPath>
          <root type="composite" />
        </classPath>
        <javadocPath>
          <root type="composite" />
        </javadocPath>
        <sourcePath>
          <root type="composite" />
        </sourcePath>
      </roots>
      <additional />
    </jdk>
    <jdk version="2">
      <name value="11" />
      <type value="JavaSDK" />
      <version value="version 11.0.9" />
      <homePath value="/usr/lib/jvm/java-1.11.0-openjdk-amd64" />
      <roots>
        <annotationsPath>
          <root type="composite">
            <root url="jar://$APPLICATION_HOME_DIR$/plugins/java/lib/jdkAnnotations.jar!/" type="simple" />
          </root>
        </annotationsPath>
        <classPath>
          <root type="composite">
            <root url="jrt:///usr/lib/jvm/java-1.11.0-openjdk-amd64!/java.base" type="simple" />
            <root url="jrt:///usr/lib/jvm/java-1.11.0-openjdk-amd64!/java.compiler" type="simple" />
            <root url="jrt:///usr/lib/jvm/java-1.11.0-openjdk-amd64!/java.datatransfer" type="simple" />
            <root url="jrt:///usr/lib/jvm/java-1.11.0-openjdk-amd64!/java.desktop" type="simple" />
            <root url="jrt:///usr/lib/jvm/java-1.11.0-openjdk-amd64!/java.instrument" type="simple" />
            <root url="jrt:///usr/lib/jvm/java-1.11.0-openjdk-amd64!/java.logging" type="simple" />
            <root url="jrt:///usr/lib/jvm/java-1.11.0-openjdk-amd64!/java.management" type="simple" />
            <root url="jrt:///usr/lib/jvm/java-1.11.0-openjdk-amd64!/java.management.rmi" type="simple" />
            <root url="jrt:///usr/lib/jvm/java-1.11.0-openjdk-amd64!/java.naming" type="simple" />
            <root url="jrt:///usr/lib/jvm/java-1.11.0-openjdk-amd64!/java.net.http" type="simple" />
            <root url="jrt:///usr/lib/jvm/java-1.11.0-openjdk-amd64!/java.prefs" type="simple" />
            <root url="jrt:///usr/lib/jvm/java-1.11.0-openjdk-amd64!/java.rmi" type="simple" />
            <root url="jrt:///usr/lib/jvm/java-1.11.0-openjdk-amd64!/java.scripting" type="simple" />
            <root url="jrt:///usr/lib/jvm/java-1.11.0-openjdk-amd64!/java.se" type="simple" />
            <root url="jrt:///usr/lib/jvm/java-1.11.0-openjdk-amd64!/java.security.jgss" type="simple" />
            <root url="jrt:///usr/lib/jvm/java-1.11.0-openjdk-amd64!/java.security.sasl" type="simple" />
            <root url="jrt:///usr/lib/jvm/java-1.11.0-openjdk-amd64!/java.smartcardio" type="simple" />
            <root url="jrt:///usr/lib/jvm/java-1.11.0-openjdk-amd64!/java.sql" type="simple" />
            <root url="jrt:///usr/lib/jvm/java-1.11.0-openjdk-amd64!/java.sql.rowset" type="simple" />
            <root url="jrt:///usr/lib/jvm/java-1.11.0-openjdk-amd64!/java.transaction.xa" type="simple" />
            <root url="jrt:///usr/lib/jvm/java-1.11.0-openjdk-amd64!/java.xml" type="simple" />
            <root url="jrt:///usr/lib/jvm/java-1.11.0-openjdk-amd64!/java.xml.crypto" type="simple" />
            <root url="jrt:///usr/lib/jvm/java-1.11.0-openjdk-amd64!/jdk.accessibility" type="simple" />
            <root url="jrt:///usr/lib/jvm/java-1.11.0-openjdk-amd64!/jdk.aot" type="simple" />
            <root url="jrt:///usr/lib/jvm/java-1.11.0-openjdk-amd64!/jdk.attach" type="simple" />
            <root url="jrt:///usr/lib/jvm/java-1.11.0-openjdk-amd64!/jdk.charsets" type="simple" />
            <root url="jrt:///usr/lib/jvm/java-1.11.0-openjdk-amd64!/jdk.compiler" type="simple" />
            <root url="jrt:///usr/lib/jvm/java-1.11.0-openjdk-amd64!/jdk.crypto.cryptoki" type="simple" />
            <root url="jrt:///usr/lib/jvm/java-1.11.0-openjdk-amd64!/jdk.crypto.ec" type="simple" />
            <root url="jrt:///usr/lib/jvm/java-1.11.0-openjdk-amd64!/jdk.dynalink" type="simple" />
            <root url="jrt:///usr/lib/jvm/java-1.11.0-openjdk-amd64!/jdk.editpad" type="simple" />
            <root url="jrt:///usr/lib/jvm/java-1.11.0-openjdk-amd64!/jdk.hotspot.agent" type="simple" />
            <root url="jrt:///usr/lib/jvm/java-1.11.0-openjdk-amd64!/jdk.httpserver" type="simple" />
            <root url="jrt:///usr/lib/jvm/java-1.11.0-openjdk-amd64!/jdk.internal.ed" type="simple" />
            <root url="jrt:///usr/lib/jvm/java-1.11.0-openjdk-amd64!/jdk.internal.jvmstat" type="simple" />
            <root url="jrt:///usr/lib/jvm/java-1.11.0-openjdk-amd64!/jdk.internal.le" type="simple" />
            <root url="jrt:///usr/lib/jvm/java-1.11.0-openjdk-amd64!/jdk.internal.opt" type="simple" />
            <root url="jrt:///usr/lib/jvm/java-1.11.0-openjdk-amd64!/jdk.internal.vm.ci" type="simple" />
            <root url="jrt:///usr/lib/jvm/java-1.11.0-openjdk-amd64!/jdk.internal.vm.compiler" type="simple" />
            <root url="jrt:///usr/lib/jvm/java-1.11.0-openjdk-amd64!/jdk.internal.vm.compiler.management" type="simple" />
            <root url="jrt:///usr/lib/jvm/java-1.11.0-openjdk-amd64!/jdk.jartool" type="simple" />
            <root url="jrt:///usr/lib/jvm/java-1.11.0-openjdk-amd64!/jdk.javadoc" type="simple" />
            <root url="jrt:///usr/lib/jvm/java-1.11.0-openjdk-amd64!/jdk.jcmd" type="simple" />
            <root url="jrt:///usr/lib/jvm/java-1.11.0-openjdk-amd64!/jdk.jconsole" type="simple" />
            <root url="jrt:///usr/lib/jvm/java-1.11.0-openjdk-amd64!/jdk.jdeps" type="simple" />
            <root url="jrt:///usr/lib/jvm/java-1.11.0-openjdk-amd64!/jdk.jdi" type="simple" />
            <root url="jrt:///usr/lib/jvm/java-1.11.0-openjdk-amd64!/jdk.jdwp.agent" type="simple" />
            <root url="jrt:///usr/lib/jvm/java-1.11.0-openjdk-amd64!/jdk.jfr" type="simple" />
            <root url="jrt:///usr/lib/jvm/java-1.11.0-openjdk-amd64!/jdk.jlink" type="simple" />
            <root url="jrt:///usr/lib/jvm/java-1.11.0-openjdk-amd64!/jdk.jshell" type="simple" />
            <root url="jrt:///usr/lib/jvm/java-1.11.0-openjdk-amd64!/jdk.jsobject" type="simple" />
            <root url="jrt:///usr/lib/jvm/java-1.11.0-openjdk-amd64!/jdk.jstatd" type="simple" />
            <root url="jrt:///usr/lib/jvm/java-1.11.0-openjdk-amd64!/jdk.localedata" type="simple" />
            <root url="jrt:///usr/lib/jvm/java-1.11.0-openjdk-amd64!/jdk.management" type="simple" />
            <root url="jrt:///usr/lib/jvm/java-1.11.0-openjdk-amd64!/jdk.management.agent" type="simple" />
            <root url="jrt:///usr/lib/jvm/java-1.11.0-openjdk-amd64!/jdk.management.jfr" type="simple" />
            <root url="jrt:///usr/lib/jvm/java-1.11.0-openjdk-amd64!/jdk.naming.dns" type="simple" />
            <root url="jrt:///usr/lib/jvm/java-1.11.0-openjdk-amd64!/jdk.naming.ldap" type="simple" />
            <root url="jrt:///usr/lib/jvm/java-1.11.0-openjdk-amd64!/jdk.naming.rmi" type="simple" />
            <root url="jrt:///usr/lib/jvm/java-1.11.0-openjdk-amd64!/jdk.net" type="simple" />
            <root url="jrt:///usr/lib/jvm/java-1.11.0-openjdk-amd64!/jdk.pack" type="simple" />
            <root url="jrt:///usr/lib/jvm/java-1.11.0-openjdk-amd64!/jdk.rmic" type="simple" />
            <root url="jrt:///usr/lib/jvm/java-1.11.0-openjdk-amd64!/jdk.scripting.nashorn" type="simple" />
            <root url="jrt:///usr/lib/jvm/java-1.11.0-openjdk-amd64!/jdk.scripting.nashorn.shell" type="simple" />
            <root url="jrt:///usr/lib/jvm/java-1.11.0-openjdk-amd64!/jdk.sctp" type="simple" />
            <root url="jrt:///usr/lib/jvm/java-1.11.0-openjdk-amd64!/jdk.security.auth" type="simple" />
            <root url="jrt:///usr/lib/jvm/java-1.11.0-openjdk-amd64!/jdk.security.jgss" type="simple" />
            <root url="jrt:///usr/lib/jvm/java-1.11.0-openjdk-amd64!/jdk.unsupported" type="simple" />
            <root url="jrt:///usr/lib/jvm/java-1.11.0-openjdk-amd64!/jdk.unsupported.desktop" type="simple" />
            <root url="jrt:///usr/lib/jvm/java-1.11.0-openjdk-amd64!/jdk.xml.dom" type="simple" />
            <root url="jrt:///usr/lib/jvm/java-1.11.0-openjdk-amd64!/jdk.zipfs" type="simple" />
          </root>
        </classPath>
        <javadocPath>
          <root type="composite">
            <root url="https://docs.oracle.com/en/java/javase/11/docs/api/" type="simple" />
          </root>
        </javadocPath>
        <sourcePath>
          <root type="composite" />
        </sourcePath>
      </roots>
      <additional />
    </jdk>
    <jdk version="2">
      <name value="ruby-2.7.1-p83" />
      <type value="RUBY_SDK" />
      <version value="ver.2.7.1p83 ( revision a0c7c23c9c) p83" />
      <homePath value="/usr/bin/ruby" />
      <roots>
        <annotationsPath>
          <root type="composite" />
        </annotationsPath>
        <classPath>
          <root type="composite">
            <root url="file:///usr/lib/ruby/vendor_ruby/2.7.0" type="simple" />
            <root url="file:///usr/lib/x86_64-linux-gnu/ruby/vendor_ruby/2.7.0" type="simple" />
            <root url="file:///usr/lib/ruby/vendor_ruby" type="simple" />
            <root url="file:///usr/lib/ruby/2.7.0" type="simple" />
            <root url="file:///usr/lib/x86_64-linux-gnu/ruby/2.7.0" type="simple" />
            <root url="file://$APPLICATION_PLUGINS_DIR$/ruby/rubystubs/rubystubs27" type="simple" />
          </root>
        </classPath>
        <javadocPath>
          <root type="composite" />
        </javadocPath>
        <sourcePath>
          <root type="composite">
            <root url="file:///usr/lib/ruby/vendor_ruby/2.7.0" type="simple" />
            <root url="file:///usr/lib/x86_64-linux-gnu/ruby/vendor_ruby/2.7.0" type="simple" />
            <root url="file:///usr/lib/ruby/vendor_ruby" type="simple" />
            <root url="file:///usr/lib/ruby/2.7.0" type="simple" />
            <root url="file:///usr/lib/x86_64-linux-gnu/ruby/2.7.0" type="simple" />
            <root url="file://$APPLICATION_PLUGINS_DIR$/ruby/rubystubs/rubystubs27" type="simple" />
          </root>
        </sourcePath>
      </roots>
      <additional NORMALIZED_VERSION_STRING="ver.2.7.1p83 ( revision a0c7c23c9c) p83" version="1" GEMS_BIN_DIR_PATH="/usr/local/bin">
        <VERSION_MANAGER ID="system">
          <custom-configurator>
            <list />
          </custom-configurator>
        </VERSION_MANAGER>
        <RbConfig>
          <item key="AR" value="ar" />
          <item key="ARFLAGS" value="rcD " />
          <item key="AS" value="as" />
          <item key="ASMEXT" value="S" />
          <item key="BUILTIN_TRANSSRCS" value=" enc/trans/newline.c" />
          <item key="CC" value="gcc" />
          <item key="CCDLFLAGS" value="-fPIC" />
          <item key="CC_VERSION" value="gcc --version" />
          <item key="CC_VERSION_MESSAGE" value="gcc (Ubuntu 10.2.0-13ubuntu1) 10.2.0&#10;Copyright (C) 2020 Free Software Foundation, Inc.&#10;This is free software; see the source for copying conditions.  There is NO&#10;warranty; not even for MERCHANTABILITY or FITNESS FOR A PARTICULAR PURPOSE." />
          <item key="CFLAGS" value="-g -O2 -fdebug-prefix-map=/build/ruby2.7-CbvK4h/ruby2.7-2.7.1=. -fstack-protector-strong -Wformat -Werror=format-security -fPIC" />
          <item key="CHDIR" value="cd -P" />
          <item key="CONFIGURE" value="configure" />
          <item key="COUTFLAG" value="-o " />
          <item key="CP" value="cp" />
          <item key="CPP" value="gcc -E" />
          <item key="CPPFLAGS" value="-Wdate-time -D_FORTIFY_SOURCE=2  " />
          <item key="CPPOUTFILE" value="-o conftest.i" />
          <item key="CROSS_COMPILING" value="no" />
          <item key="CXX" value="g++" />
          <item key="CXXFLAGS" value="-g -O2 -fdebug-prefix-map=/build/ruby2.7-CbvK4h/ruby2.7-2.7.1=. -fstack-protector-strong -Wformat -Werror=format-security" />
          <item key="DLDFLAGS" value="-Wl,-Bsymbolic-functions -Wl,-z,relro -Wl,-z,now" />
          <item key="DLDLIBS" value=" -lc" />
          <item key="DLDSHARED" value="gcc -shared" />
          <item key="DLEXT" value="so" />
          <item key="DLNOBJ" value="dln.o" />
          <item key="ECHO_N" value="-n" />
          <item key="EGREP" value="/bin/grep -E" />
          <item key="ENABLE_SHARED" value="yes" />
          <item key="EXTOUT" value=".ext" />
          <item key="GCC" value="yes" />
          <item key="GIT" value="git" />
          <item key="GNU_LD" value="yes" />
          <item key="GREP" value="/bin/grep" />
          <item key="HAVE_GIT" value="no" />
          <item key="INSTALL" value="/usr/bin/install -c" />
          <item key="INSTALL_DATA" value="/usr/bin/install -c -m 644" />
          <item key="INSTALL_PROGRAM" value="/usr/bin/install -c" />
          <item key="INSTALL_SCRIPT" value="/usr/bin/install -c" />
          <item key="INSTALL_STATIC_LIBRARY" value="no" />
          <item key="LD" value="ld" />
          <item key="LDFLAGS" value="-L. -Wl,-Bsymbolic-functions -Wl,-z,relro -Wl,-z,now -fstack-protector-strong -rdynamic -Wl,-export-dynamic" />
          <item key="LDSHARED" value="gcc -shared" />
          <item key="LDSHAREDXX" value="g++ -shared" />
          <item key="LIBEXT" value="a" />
          <item key="LIBPATHENV" value="LD_LIBRARY_PATH" />
          <item key="LIBPATHFLAG" value=" -L%s" />
          <item key="LIBRUBY" value="libruby-2.7.so.2.7.1" />
          <item key="LIBRUBYARG" value="-lruby-2.7" />
          <item key="LIBRUBYARG_SHARED" value="-lruby-2.7" />
          <item key="LIBRUBYARG_STATIC" value="-lruby-2.7-static -lpthread -lrt -lrt -lgmp -ldl -lcrypt -lm " />
          <item key="LIBRUBY_A" value="libruby-2.7-static.a" />
          <item key="LIBRUBY_ALIASES" value="libruby-2.7.so.2.7 libruby-2.7.so" />
          <item key="LIBRUBY_RELATIVE" value="no" />
          <item key="LIBRUBY_SO" value="libruby-2.7.so.2.7.1" />
          <item key="LIBRUBY_SONAME" value="libruby-2.7.so.2.7" />
          <item key="LIBS" value="-lm " />
          <item key="LN_S" value="ln -s" />
          <item key="MAINLIBS" value="-lpthread -lrt -lrt -lgmp -ldl -lcrypt -lm " />
          <item key="MAJOR" value="2" />
          <item key="MAKEDIRS" value="/bin/mkdir -p" />
          <item key="MAKEFILES" value="Makefile GNUmakefile" />
          <item key="MANTYPE" value="doc" />
          <item key="MATHN" value="yes" />
          <item key="MINOR" value="7" />
          <item key="MJIT_CC" value="/usr/bin/gcc" />
          <item key="MJIT_SUPPORT" value="yes" />
          <item key="MKDIR_P" value="/bin/mkdir -p" />
          <item key="NM" value="nm" />
          <item key="NULLCMD" value=":" />
          <item key="OBJCOPY" value=":" />
          <item key="OBJDUMP" value="objdump" />
          <item key="OBJEXT" value="o" />
          <item key="OUTFLAG" value="-o " />
          <item key="PACKAGE" value="ruby" />
          <item key="PATCHLEVEL" value="83" />
          <item key="PATH_SEPARATOR" value=":" />
          <item key="POSTLINK" value=":" />
          <item key="PRELOADENV" value="LD_PRELOAD" />
          <item key="PREP" value="miniruby" />
          <item key="RANLIB" value="ranlib" />
          <item key="RI_BASE_NAME" value="ri" />
          <item key="RM" value="rm -f" />
          <item key="RMALL" value="rm -fr" />
          <item key="RMDIR" value="rmdir --ignore-fail-on-non-empty" />
          <item key="RMDIRS" value="rmdir --ignore-fail-on-non-empty -p" />
          <item key="RUBYW_BASE_NAME" value="rubyw" />
          <item key="RUBY_API_VERSION" value="2.7" />
          <item key="RUBY_BASE_NAME" value="ruby" />
          <item key="RUBY_EXEC_PREFIX" value="/usr" />
          <item key="RUBY_INSTALL_NAME" value="ruby2.7" />
          <item key="RUBY_LIB_VERSION_STYLE" value="3&#9;/* full */" />
          <item key="RUBY_PROGRAM_VERSION" value="2.7.1" />
          <item key="RUBY_SO_NAME" value="ruby-2.7" />
          <item key="RUBY_VERSION_NAME" value="ruby-2.7.0" />
          <item key="SHELL" value="/bin/bash" />
          <item key="SOEXT" value="so" />
          <item key="SOLIBS" value="-lpthread -lrt -lrt -lgmp -ldl -lcrypt -lm " />
          <item key="STRIP" value="strip -S -x" />
          <item key="TEENY" value="1" />
          <item key="TEST_RUNNABLE" value="yes" />
          <item key="THREAD_MODEL" value="pthread" />
          <item key="UNICODE_EMOJI_VERSION" value="12.1" />
          <item key="UNICODE_VERSION" value="12.1.0" />
          <item key="WERRORFLAG" value="-Werror" />
          <item key="arch" value="x86_64-linux-gnu" />
          <item key="archdir" value="/usr/lib/x86_64-linux-gnu/ruby/2.7.0" />
          <item key="archincludedir" value="/usr/include/x86_64-linux-gnu" />
          <item key="archlibdir" value="/usr/lib/x86_64-linux-gnu" />
          <item key="bindir" value="/usr/bin" />
          <item key="build" value="x86_64-pc-linux-gnu" />
          <item key="build_cpu" value="x86_64" />
          <item key="build_os" value="linux-gnu" />
          <item key="build_vendor" value="pc" />
          <item key="cflags" value="-O3 -ggdb3 -Wall -Wextra -Wdeprecated-declarations -Wduplicated-cond -Wimplicit-function-declaration -Wimplicit-int -Wmisleading-indentation -Wpointer-arith -Wwrite-strings -Wimplicit-fallthrough=0 -Wmissing-noreturn -Wno-cast-function-type -Wno-constant-logical-operand -Wno-long-long -Wno-missing-field-initializers -Wno-overlength-strings -Wno-packed-bitfield-compat -Wno-parentheses-equality -Wno-self-assign -Wno-tautological-compare -Wno-unused-parameter -Wno-unused-value -Wsuggest-attribute=format -Wsuggest-attribute=noreturn -Wunused-variable" />
          <item key="configure_args" value=" '--prefix=/usr' '--enable-multiarch' '--target=x86_64-linux-gnu' '--program-suffix=2.7' '--with-soname=ruby-2.7' '--enable-shared' '--disable-rpath' '--with-sitedir=/usr/local/lib/site_ruby' '--with-sitearchdir=/usr/local/lib/x86_64-linux-gnu/site_ruby' '--runstatedir=/var/run' '--localstatedir=/var' '--sysconfdir=/etc' '--enable-ipv6' '--with-dbm-type=gdbm_compat' '--with-compress-debug-sections=no' 'CFLAGS=-g -O2 -fdebug-prefix-map=/build/ruby2.7-CbvK4h/ruby2.7-2.7.1=. -fstack-protector-strong -Wformat -Werror=format-security' 'CPPFLAGS=-Wdate-time -D_FORTIFY_SOURCE=2' 'CXXFLAGS=-g -O2 -fdebug-prefix-map=/build/ruby2.7-CbvK4h/ruby2.7-2.7.1=. -fstack-protector-strong -Wformat -Werror=format-security' 'FCFLAGS=-g -O2 -fdebug-prefix-map=/build/ruby2.7-CbvK4h/ruby2.7-2.7.1=. -fstack-protector-strong' 'FFLAGS=-g -O2 -fdebug-prefix-map=/build/ruby2.7-CbvK4h/ruby2.7-2.7.1=. -fstack-protector-strong' 'GCJFLAGS=-g -O2 -fdebug-prefix-map=/build/ruby2.7-CbvK4h/ruby2.7-2.7.1=. -fstack-protector-strong' 'LDFLAGS=-Wl,-Bsymbolic-functions -Wl,-z,relro -Wl,-z,now' 'OBJCFLAGS=-g -O2 -fdebug-prefix-map=/build/ruby2.7-CbvK4h/ruby2.7-2.7.1=. -fstack-protector-strong -Wformat -Werror=format-security' 'OBJCXXFLAGS=-g -O2 -fdebug-prefix-map=/build/ruby2.7-CbvK4h/ruby2.7-2.7.1=. -fstack-protector-strong -Wformat -Werror=format-security' 'target_alias=x86_64-linux-gnu'" />
          <item key="datadir" value="/usr/share" />
          <item key="datarootdir" value="/usr/share" />
          <item key="debugflags" value="-ggdb3" />
          <item key="docdir" value="/usr/share/doc/ruby" />
          <item key="dvidir" value="/usr/share/doc/ruby" />
          <item key="exec" value="exec" />
          <item key="exec_prefix" value="/usr" />
          <item key="host" value="x86_64-pc-linux-gnu" />
          <item key="host_cpu" value="x86_64" />
          <item key="host_os" value="linux-gnu" />
          <item key="host_vendor" value="pc" />
          <item key="htmldir" value="/usr/share/doc/ruby" />
          <item key="includedir" value="/usr/include" />
          <item key="infodir" value="/usr/share/info" />
          <item key="libdir" value="/usr/lib" />
          <item key="libdirname" value="archlibdir" />
          <item key="libexecdir" value="/usr/libexec" />
          <item key="localedir" value="/usr/share/locale" />
          <item key="localstatedir" value="/var" />
          <item key="mandir" value="/usr/share/man" />
          <item key="oldincludedir" value="/usr/include" />
          <item key="optflags" value="-O3" />
          <item key="pdfdir" value="/usr/share/doc/ruby" />
          <item key="prefix" value="/usr" />
          <item key="program_transform_name" value="s&amp;$&amp;2.7&amp;;s&amp;^&amp;&amp;" />
          <item key="psdir" value="/usr/share/doc/ruby" />
          <item key="ridir" value="/usr/share/ri" />
          <item key="ruby_install_name" value="ruby2.7" />
          <item key="ruby_pc" value="ruby-2.7.pc" />
          <item key="ruby_version" value="2.7.0" />
          <item key="rubyarchdir" value="/usr/lib/x86_64-linux-gnu/ruby/2.7.0" />
          <item key="rubyarchhdrdir" value="/usr/include/x86_64-linux-gnu/ruby-2.7.0" />
          <item key="rubyarchprefix" value="/usr/lib/x86_64-linux-gnu/ruby" />
          <item key="rubyhdrdir" value="/usr/include/ruby-2.7.0" />
          <item key="rubylibdir" value="/usr/lib/ruby/2.7.0" />
          <item key="rubylibprefix" value="/usr/lib/ruby" />
          <item key="rubysitearchprefix" value="/usr/lib/x86_64-linux-gnu/ruby" />
          <item key="runstatedir" value="/var/run" />
          <item key="sbindir" value="/usr/sbin" />
          <item key="setup" value="Setup" />
          <item key="sharedstatedir" value="/usr/com" />
          <item key="sitearch" value="x86_64-linux-gnu" />
          <item key="sitearchdir" value="/usr/local/lib/x86_64-linux-gnu/site_ruby" />
          <item key="sitearchhdrdir" value="/usr/include/x86_64-linux-gnu/ruby-2.7.0/site_ruby" />
          <item key="sitearchincludedir" value="/usr/include/x86_64-linux-gnu" />
          <item key="sitearchlibdir" value="/usr/lib/x86_64-linux-gnu" />
          <item key="sitedir" value="/usr/local/lib/site_ruby" />
          <item key="sitehdrdir" value="/usr/include/ruby-2.7.0/site_ruby" />
          <item key="sitelibdir" value="/usr/local/lib/site_ruby/2.7.0" />
          <item key="strict_warnflags" value="-std=gnu99" />
          <item key="sysconfdir" value="/etc" />
          <item key="target" value="x86_64-pc-linux-gnu" />
          <item key="target_alias" value="x86_64-linux-gnu" />
          <item key="target_cpu" value="x86_64" />
          <item key="target_os" value="linux-gnu" />
          <item key="target_vendor" value="pc" />
          <item key="topdir" value="/usr/lib/x86_64-linux-gnu/ruby/2.7.0" />
          <item key="vendorarchdir" value="/usr/lib/x86_64-linux-gnu/ruby/vendor_ruby/2.7.0" />
          <item key="vendorarchhdrdir" value="/usr/include/x86_64-linux-gnu/ruby-2.7.0/vendor_ruby" />
          <item key="vendordir" value="/usr/lib/ruby/vendor_ruby" />
          <item key="vendorhdrdir" value="/usr/include/ruby-2.7.0/vendor_ruby" />
          <item key="vendorlibdir" value="/usr/lib/ruby/vendor_ruby/2.7.0" />
          <item key="warnflags" value="-Wall -Wextra -Wdeprecated-declarations -Wduplicated-cond -Wimplicit-function-declaration -Wimplicit-int -Wmisleading-indentation -Wpointer-arith -Wwrite-strings -Wimplicit-fallthrough=0 -Wmissing-noreturn -Wno-cast-function-type -Wno-constant-logical-operand -Wno-long-long -Wno-missing-field-initializers -Wno-overlength-strings -Wno-packed-bitfield-compat -Wno-parentheses-equality -Wno-self-assign -Wno-tautological-compare -Wno-unused-parameter -Wno-unused-value -Wsuggest-attribute=format -Wsuggest-attribute=noreturn -Wunused-variable" />
        </RbConfig>
      </additional>
    </jdk>
  </component>
</application>