<application>
  <component name="MaterialThemeConfig">
    <option name="compactMenus" value="true" />
    <option name="compactStatusBar" value="true" />
    <option name="compactTables" value="true" />
    <option name="contrastMode" value="true" />
    <option name="customTreeIndentEnabled" value="true" />
    <option name="highContrast" value="true" />
    <option name="highlightColorEnabled" value="true" />
    <option name="compactDropdowns" value="true" />
    <option name="compactSidebar" value="true" />
    <option name="fileStatusColorsEnabled" value="false" />
    <option name="isHighlightColorEnabled" value="true" />
    <option name="isCompactMenus" value="true" />
    <option name="isCompactStatusBar" value="true" />
    <option name="isCompactTables" value="true" />
    <option name="isContrastMode" value="true" />
    <option name="isCustomTreeIndentEnabled" value="true" />
    <option name="isHighContrast" value="true" />
    <option name="isWizardShown" value="true" />
    <option name="pristineConfig" value="false" />
    <option name="treeFontSizeEnabled" value="true" />
    <option name="upperCaseButtons" value="false" />
    <option name="useMaterialFont2" value="true" />
    <option name="tabOpacity" value="53" />
    <option name="tabFontSize" value="14" />
    <option name="highlightThickness" value="3" />
    <option name="leftTreeIndent" value="4" />
    <option name="rightTreeIndent" value="6" />
    <option name="settingsSelectedTab" value="3" />
    <option name="tabsHeight" value="20" />
    <option name="accentColor" value="ff9800" />
    <option name="highlightColor" value="80cbc4" />
    <option name="selectedTheme" value="DARKER" />
    <option name="userId" value="ab365ce:16433202ab7:-8000" />
    <option name="version" value="5.5.0" />
  </component>
</application>