<application>
  <component name="FileTypeManager" version="17">
    <extensionMap>
      <mapping pattern="content-tracklist" type="JavaScript" />
      <mapping pattern="Declarations" type="Kotlin" />
      <mapping pattern="asdf" type="PLAIN_TEXT" />
      <mapping pattern=".env" type="PLAIN_TEXT" />
      <mapping pattern="copy" type="PLAIN_TEXT" />
      <mapping pattern="LICENSE" type="PLAIN_TEXT" />
      <mapping pattern="dom-utils.js" type="PLAIN_TEXT" />
      <mapping pattern="config_0" type="PLAIN_TEXT" />
      <mapping pattern="pack" type="PLAIN_TEXT" />
      <mapping pattern="lint" type="PLAIN_TEXT" />
      <mapping pattern="downloadedFile" type="PLAIN_TEXT" />
      <mapping ext="local" type="PLAIN_TEXT" />
      <mapping ext="service" type="PLAIN_TEXT" />
      <removed_mapping ext="log" approved="true" type="PLAIN_TEXT" />
      <removed_mapping ext="desktop" approved="true" type="PLAIN_TEXT" />
      <removed_mapping ext="bat" approved="true" type="PLAIN_TEXT" />
      <removed_mapping ext="log" approved="true" type="PLAIN_TEXT" />
      <removed_mapping pattern=".gitattributes" approved="true" type="PLAIN_TEXT" />
      <removed_mapping ext="dockerfile" approved="true" type="textmate" />
      <removed_mapping ext="makefile" approved="true" type="textmate" />
      <removed_mapping ext="cmd" approved="true" type="PLAIN_TEXT" />
      <removed_mapping ext="snakefile" approved="true" type="textmate" />
      <removed_mapping pattern=".gitconfig" approved="true" type="PLAIN_TEXT" />
    </extensionMap>
  </component>
</application>