<application>
  <component name="FileTypeManager" version="17">
    <extensionMap>
      <mapping ext="klib" type="ARCHIVE" />
      <mapping pattern="content-tracklist" type="JavaScript" />
      <mapping pattern="Declarations" type="Kotlin" />
      <mapping pattern="dom-utils.js" type="PLAIN_TEXT" />
      <mapping pattern="asdf" type="PLAIN_TEXT" />
      <mapping pattern=".gitattributes" type="PLAIN_TEXT" />
      <mapping pattern="copy" type="PLAIN_TEXT" />
      <mapping pattern=".gitconfig" type="PLAIN_TEXT" />
      <mapping pattern="LICENSE" type="PLAIN_TEXT" />
      <mapping pattern="config_0" type="PLAIN_TEXT" />
      <mapping pattern="pack" type="PLAIN_TEXT" />
      <mapping pattern="lint" type="PLAIN_TEXT" />
      <mapping pattern="downloadedFile" type="PLAIN_TEXT" />
      <mapping ext="local" type="PLAIN_TEXT" />
      <mapping ext="desktop" type="PLAIN_TEXT" />
      <mapping ext="service" type="PLAIN_TEXT" />
    </extensionMap>
  </component>
</application>