<application>
  <component name="ProjectJdkTable">
    <jdk version="2">
      <name value="Haskell Tool Stack" />
      <type value="Haskell Tool Stack SDK" />
      <version value="2.1.3&#10;" />
      <homePath value="/usr/local/bin/stack" />
      <roots>
        <annotationsPath>
          <root type="composite" />
        </annotationsPath>
        <classPath>
          <root type="composite" />
        </classPath>
        <javadocPath>
          <root type="composite" />
        </javadocPath>
        <sourcePath>
          <root type="composite" />
        </sourcePath>
      </roots>
      <additional />
    </jdk>
  </component>
</application>