<application>
  <component name="MaterialCustomThemeConfig">
    <option name="excludedColor" value="2e3c43ff" />
    <option name="accentColor" value="009688ff" />
    <option name="notificationsColor" value="323232ff" />
    <option name="treeSelectionColor" value="5a699bff" />
    <option name="highlightColor" value="557583ff" />
    <option name="secondBorderColor" value="283840ff" />
    <option name="tableSelectedColor" value="5c8387ff" />
    <option name="contrastColor" value="1b2225ff" />
    <option name="disabledColor" value="353e4bff" />
    <option name="secondaryBackgroundColor" value="242528ff" />
    <option name="buttonColor" value="2e3c43ff" />
    <option name="selectionForegroundColor" value="ffffffff" />
    <option name="selectionBackgroundColor" value="546e7aff" />
    <option name="textColor" value="96bfd7ff" />
    <option name="foregroundColor" value="c2d0d7ff" />
    <option name="backgroundColor" value="1f2023ff" />
  </component>
</application>