<application>
  <component name="MaterialCustomThemeConfig">
    <option name="treeSelectionColor" value="5a699b" />
    <option name="highlightColor" value="557583" />
    <option name="secondBorderColor" value="283840" />
    <option name="tableSelectedColor" value="5c8387" />
    <option name="contrastColor" value="1b2225" />
    <option name="disabledColor" value="353e4b" />
    <option name="secondaryBackgroundColor" value="242528" />
    <option name="buttonColor" value="2e3c43" />
    <option name="selectionForegroundColor" value="ffffff" />
    <option name="selectionBackgroundColor" value="546e7a" />
    <option name="textColor" value="96bfd7" />
    <option name="foregroundColor" value="c2d0d7" />
    <option name="backgroundColor" value="1f2023" />
  </component>
</application>