<application>
  <component name="CvsApplicationLevelConfiguration">
    <option name="PATH_TO_PASSWORD_FILE" value="$userdir/.cvspass" />
  </component>
  <component name="NodeJsLocalInterpreters">
    <local-interpreter path="C:/Dev/NodeJS/node-v6.9.3-win-x64/node.exe">
      <version-cache last-modified="0" />
    </local-interpreter>
    <local-interpreter path="C:/Dev/nodejs/node.exe">
      <version-cache last-modified="0" />
    </local-interpreter>
    <local-interpreter path="C:/Program Files/nodejs/node.exe">
      <version-cache version="11.2.0" last-modified="1543344230764" />
    </local-interpreter>
  </component>
  <component name="RefactoringSettings">
    <option name="MOVE_PREVIEW_USAGES" value="false" />
  </component>
  <component name="RubyCucumber" number="7" string0="aruba" string1="calabash-android" string2="calabash-cucumber" string3="cucumber-api-steps" string4="factory_girl" string5="json_spec" string6="rails3-jquery-autocomplete" />
  <component name="SbtSettings">
    <option name="jdkHome" value="" />
  </component>
</application>