<application>
  <component name="CvsApplicationLevelConfiguration">
    <option name="PATH_TO_PASSWORD_FILE" value="$userdir/.cvspass" />
  </component>
  <component name="NodeJsLocalInterpreters">
    <local-interpreter path="C:/Dev/NodeJS/node-v6.9.3-win-x64/node.exe">
      <version-cache last-modified="0" />
    </local-interpreter>
    <local-interpreter path="C:/Dev/nodejs/node.exe">
      <version-cache last-modified="0" />
    </local-interpreter>
    <local-interpreter path="C:/Program Files/nodejs/node.exe">
      <version-cache version="11.2.0" last-modified="1543344230764" />
    </local-interpreter>
  </component>
  <component name="NotRoamableUiSettings">
    <option name="fontScale" value="1.0" />
    <option name="fontSize" value="10" />
  </component>
  <component name="PropertiesComponent">
    <property name="ColorChooser.RecentColors" value="51-51-51-255,,,96-96-96-255,,,90-90-90-255" />
    <property name="CommitChangeListDialog.DETAILS_SPLITTER_PROPORTION_2" value="0.72386056" />
    <property name="CommittedChanges.SplitterProportions.0" value="700" />
    <property name="CommittedChanges.SplitterProportions.1" value="500" />
    <property name="Copy.OpenInEditor" value="true" />
    <property name="FileColorsEnabled" value="false" />
    <property name="FileColorsForProjectViewEnabled" value="true" />
    <property name="FileColorsForTabsEnabled" value="true" />
    <property name="InstalledPluginsSearchHistory" value="markdown&#10;sync&#10;settings&#10;Settings Repository&#10;Settings Repository Plus" />
    <property name="KEYMAP" value="pull" />
    <property name="LayoutCode.codeCleanup" value="true" />
    <property name="LayoutCode.optimizeImports" value="true" />
    <property name="LayoutCode.rearrangeEntriesCSS" value="true" />
    <property name="LayoutCode.rearrangeEntriesJSX Harmony" value="true" />
    <property name="PluginConfigurable.selectionTab" value="1" />
    <property name="SettingsSearchHistory" value="git&#10;mouse wheel&#10;typescript&#10;font&#10;new line" />
    <property name="TrendingPluginsSearchHistory" value="Settings Repository Plus" />
    <property name="com.intellij.openapi.roots.ui.configuration.TabbedModuleEditor.selectedEditor" value="Sources" />
    <property name="create.project.preferred.importer" value="Existing Sources" />
    <property name="defaultJdkConfigured" value="true" />
    <property name="evlsprt3.183" value="15" />
    <property name="export.settings.path" value="$USER_HOME$/Projects/my-configs/files/IntelliJ/settings.zip" />
    <property name="file.chooser.recent.files" value="$USER_HOME$/Projects/my-configs&#10;/home/vagrant/Projects/devbox&#10;/home/vagrant/Projects/js-frameworks/react/react-complete-guide&#10;/home/vagrant/Projects/js-frameworks/react/react-the-complete-guide&#10;/home/vagrant/Projects/my-configs/files/IntelliJ/settings.zip&#10;/home/vagrant/Projects/my-configs/files/IntelliJ/settings.jar&#10;/home/vagrant/Projects/my-configs/files/IntelliJ/Jacky Code Style.xml&#10;/home/vagrant/Projects/my-configs/files/IntelliJ/Jacky's Newton Contrast (rainglow).icls&#10;/home/vagrant/Projects/flux-challenge" />
    <property name="file.gist.reindex.count" value="14887" />
    <property name="fileTypeChangedCounter" value="5" />
    <property name="ideavim.statistics.timestamp" value="1545683781765" />
    <property name="installed.kotlin.plugin.version" value="1.3.21-release-IJ2019.1-2" />
    <property name="last.imported.location" value="$USER_HOME$/Projects/devbox" />
    <property name="lastTip" value="1" />
    <property name="mt.showStatisticsAgreement" value="true" />
    <property name="selected.color.option.type" value="IGNORE.SLASH" />
    <property name="settings.code.style.selected.tab.HTML" value="Other" />
    <property name="settings.code.style.selected.tab.JSPX" value="Wrapping" />
    <property name="settings.code.style.selected.tab.JavaScript" value="Punctuation" />
    <property name="settings.code.style.selected.tab.TypeScript" value="Spaces" />
    <property name="tasks.pass.word.conversion.enforced" value="true" />
    <property name="ts.lib.d.ts.version" value="3.3.3333" />
  </component>
  <component name="RefactoringSettings">
    <option name="MOVE_PREVIEW_USAGES" value="false" />
  </component>
  <component name="RubyCucumber" number="7" string0="aruba" string1="calabash-android" string2="calabash-cucumber" string3="cucumber-api-steps" string4="factory_girl" string5="json_spec" string6="rails3-jquery-autocomplete" />
  <component name="SbtSettings">
    <option name="jdkHome" value="" />
  </component>
</application>