<application>
  <component name="UISettings">
    <option name="EDITOR_TAB_LIMIT" value="30" />
    <option name="FONT_SCALE" value="1.25" />
    <option name="HIDE_TABS_IF_NEED" value="false" />
    <option name="HIDE_TOOL_STRIPES" value="false" />
    <option name="SCROLL_TAB_LAYOUT_IN_EDITOR" value="false" />
    <option name="SHOW_CLOSE_BUTTON" value="false" />
    <option name="SHOW_EDITOR_TOOLTIP" value="false" />
    <option name="SHOW_MEMORY_INDICATOR" value="true" />
    <option name="WIDESCREEN_SUPPORT" value="true" />
  </component>
</application>