<application>
  <component name="UISettings">
    <option name="EDITOR_TAB_LIMIT" value="30" />
    <option name="HIDE_TABS_IF_NEED" value="false" />
    <option name="IDE_AA_TYPE" value="Greyscale" />
    <option name="MAX_LOOKUP_LIST_HEIGHT" value="23" />
    <option name="MAX_LOOKUP_WIDTH2" value="862" />
    <option name="OVERRIDE_NONIDEA_LAF_FONTS" value="true" />
    <option name="SCROLL_TAB_LAYOUT_IN_EDITOR" value="false" />
    <option name="SHOW_EDITOR_TOOLTIP" value="false" />
    <option name="SHOW_PINNED_TABS_IN_A_SEPARATE_ROW" value="true" />
    <option name="smoothScrolling" value="false" />
    <option name="WIDESCREEN_SUPPORT" value="true" />
  </component>
</application>